barcode	IGH_V	IGH_D	IGH_J	Light_chain	Light_V	Light_D	Light_J
ACATGGTTCTGCTGCT-1	IGHV4-30-4		IGHJ6	IGL	IGLV1-47		IGLJ1
ACGGAGACAAGACGTG-1	IGHV1-69D		IGHJ4	IGL	IGLV3-21		IGLJ2
ACTTGTTGTCGAAAGC-1	IGHV3-23	IGHD3-16	IGHJ4	IGL	IGLV3-21		IGKJ4
ATAACGCGTGGACGAT-1	IGHV1-69D		IGHJ4	IGL	IGLV3-21		IGLJ2
CAGCGACTCATAACCG-1	IGHV3-7		IGHJ4	IGL	IGLV3-1		IGLJ2
CTGATCCTCCCGGATG-1	IGHV3-43	IGHD3-3	IGHJ4	IGL	IGLV3-10		IGLJ2
GTCGGGTTCCTCAATT-1	IGHV3-11		IGHJ4	IGL	IGLV3-21		IGLJ1
GTTCTCGCATATGCTG-1	IGHV1-69D		IGHJ4	IGL	IGLV3-21		IGLJ2
TCCCGATCACGACGAA-1	IGHV2-70	IGHD5-12	IGHJ4	IGL	IGLV1-44		IGLJ3
TCTGGAATCCTTAATC-1	IGHV7-81		IGHJ3	IGK	IGKV4-1		IGKJ1
TCTGGAATCCTTAATC-1	IGHV7-81		IGHJ3	IGL	IGLV3-21		IGLJ1
TTTACTGAGAGTGAGA-1	IGHV3-48		IGHJ4	IGL	IGLV1-51		IGLJ2
